[
{
  "model": "users.user",
  "pk": 1,
  "fields": {
    "first_name": "정호",
    "last_name": "유",
    "age": 40,
    "country": "전라북도",
    "phone": "016-7280-2855",
    "balance": 370
  }
},
{
  "model": "users.user",
  "pk": 2,
  "fields": {
    "first_name": "경희",
    "last_name": "이",
    "age": 36,
    "country": "경상남도",
    "phone": "011-9854-5133",
    "balance": 5900
  }
},
{
  "model": "users.user",
  "pk": 3,
  "fields": {
    "first_name": "정자",
    "last_name": "구",
    "age": 37,
    "country": "전라남도",
    "phone": "011-4177-8170",
    "balance": 3100
  }
},
{
  "model": "users.user",
  "pk": 4,
  "fields": {
    "first_name": "미경",
    "last_name": "장",
    "age": 40,
    "country": "충청남도",
    "phone": "011-9079-4419",
    "balance": 250000
  }
},
{
  "model": "users.user",
  "pk": 5,
  "fields": {
    "first_name": "영환",
    "last_name": "차",
    "age": 30,
    "country": "충청북도",
    "phone": "011-2921-4284",
    "balance": 220
  }
},
{
  "model": "users.user",
  "pk": 6,
  "fields": {
    "first_name": "서준",
    "last_name": "이",
    "age": 26,
    "country": "충청북도",
    "phone": "02-8601-7361",
    "balance": 530
  }
},
{
  "model": "users.user",
  "pk": 7,
  "fields": {
    "first_name": "주원",
    "last_name": "민",
    "age": 18,
    "country": "경기도",
    "phone": "011-2525-1976",
    "balance": 390
  }
},
{
  "model": "users.user",
  "pk": 8,
  "fields": {
    "first_name": "예진",
    "last_name": "김",
    "age": 33,
    "country": "충청북도",
    "phone": "010-5123-9107",
    "balance": 3700
  }
},
{
  "model": "users.user",
  "pk": 9,
  "fields": {
    "first_name": "서현",
    "last_name": "김",
    "age": 23,
    "country": "제주특별자치도",
    "phone": "016-6839-1106",
    "balance": 43000
  }
},
{
  "model": "users.user",
  "pk": 10,
  "fields": {
    "first_name": "서윤",
    "last_name": "오",
    "age": 22,
    "country": "충청남도",
    "phone": "011-9693-6452",
    "balance": 49000
  }
},
{
  "model": "users.user",
  "pk": 11,
  "fields": {
    "first_name": "서영",
    "last_name": "김",
    "age": 15,
    "country": "제주특별자치도",
    "phone": "016-3046-9822",
    "balance": 640000
  }
},
{
  "model": "users.user",
  "pk": 12,
  "fields": {
    "first_name": "미정",
    "last_name": "류",
    "age": 22,
    "country": "충청남도",
    "phone": "016-4336-8736",
    "balance": 52000
  }
},
{
  "model": "users.user",
  "pk": 13,
  "fields": {
    "first_name": "하은",
    "last_name": "남",
    "age": 32,
    "country": "전라북도",
    "phone": "016-9544-1490",
    "balance": 35000
  }
},
{
  "model": "users.user",
  "pk": 14,
  "fields": {
    "first_name": "영일",
    "last_name": "김",
    "age": 35,
    "country": "전라남도",
    "phone": "011-4448-6198",
    "balance": 720
  }
},
{
  "model": "users.user",
  "pk": 15,
  "fields": {
    "first_name": "지원",
    "last_name": "박",
    "age": 24,
    "country": "경상북도",
    "phone": "02-3783-1183",
    "balance": 35000
  }
},
{
  "model": "users.user",
  "pk": 16,
  "fields": {
    "first_name": "옥자",
    "last_name": "김",
    "age": 19,
    "country": "경상남도",
    "phone": "011-1038-5964",
    "balance": 720
  }
},
{
  "model": "users.user",
  "pk": 17,
  "fields": {
    "first_name": "병철",
    "last_name": "고",
    "age": 34,
    "country": "충청남도",
    "phone": "016-2455-8207",
    "balance": 440
  }
},
{
  "model": "users.user",
  "pk": 18,
  "fields": {
    "first_name": "광수",
    "last_name": "김",
    "age": 17,
    "country": "충청북도",
    "phone": "016-4058-7601",
    "balance": 94000
  }
},
{
  "model": "users.user",
  "pk": 19,
  "fields": {
    "first_name": "성민",
    "last_name": "김",
    "age": 26,
    "country": "충청남도",
    "phone": "011-6897-4723",
    "balance": 6100
  }
},
{
  "model": "users.user",
  "pk": 20,
  "fields": {
    "first_name": "정수",
    "last_name": "김",
    "age": 17,
    "country": "경기도",
    "phone": "016-1159-3227",
    "balance": 590
  }
},
{
  "model": "users.user",
  "pk": 21,
  "fields": {
    "first_name": "동현",
    "last_name": "신",
    "age": 36,
    "country": "경상북도",
    "phone": "010-1172-2541",
    "balance": 4700
  }
},
{
  "model": "users.user",
  "pk": 22,
  "fields": {
    "first_name": "은정",
    "last_name": "황",
    "age": 16,
    "country": "강원도",
    "phone": "016-5956-2725",
    "balance": 7000
  }
},
{
  "model": "users.user",
  "pk": 23,
  "fields": {
    "first_name": "서준",
    "last_name": "김",
    "age": 26,
    "country": "강원도",
    "phone": "02-4610-2333",
    "balance": 6900
  }
},
{
  "model": "users.user",
  "pk": 24,
  "fields": {
    "first_name": "숙자",
    "last_name": "권",
    "age": 33,
    "country": "경상남도",
    "phone": "016-4610-3200",
    "balance": 230
  }
},
{
  "model": "users.user",
  "pk": 25,
  "fields": {
    "first_name": "유진",
    "last_name": "이",
    "age": 24,
    "country": "경기도",
    "phone": "010-2349-9997",
    "balance": 270000
  }
},
{
  "model": "users.user",
  "pk": 26,
  "fields": {
    "first_name": "영식",
    "last_name": "이",
    "age": 39,
    "country": "경상북도",
    "phone": "016-2645-6128",
    "balance": 400000
  }
},
{
  "model": "users.user",
  "pk": 27,
  "fields": {
    "first_name": "진호",
    "last_name": "백",
    "age": 17,
    "country": "경상남도",
    "phone": "011-3885-5678",
    "balance": 18000
  }
},
{
  "model": "users.user",
  "pk": 28,
  "fields": {
    "first_name": "성현",
    "last_name": "박",
    "age": 40,
    "country": "경상남도",
    "phone": "011-2884-6546",
    "balance": 580000
  }
},
{
  "model": "users.user",
  "pk": 29,
  "fields": {
    "first_name": "준서",
    "last_name": "서",
    "age": 36,
    "country": "충청남도",
    "phone": "011-8419-5766",
    "balance": 44000
  }
},
{
  "model": "users.user",
  "pk": 30,
  "fields": {
    "first_name": "영수",
    "last_name": "박",
    "age": 37,
    "country": "제주특별자치도",
    "phone": "010-1106-3465",
    "balance": 35000
  }
},
{
  "model": "users.user",
  "pk": 31,
  "fields": {
    "first_name": "시우",
    "last_name": "이",
    "age": 25,
    "country": "경상남도",
    "phone": "02-6546-9558",
    "balance": 460
  }
},
{
  "model": "users.user",
  "pk": 32,
  "fields": {
    "first_name": "은주",
    "last_name": "김",
    "age": 38,
    "country": "전라북도",
    "phone": "016-3075-6557",
    "balance": 950000
  }
},
{
  "model": "users.user",
  "pk": 33,
  "fields": {
    "first_name": "준영",
    "last_name": "이",
    "age": 29,
    "country": "경상남도",
    "phone": "010-3950-8990",
    "balance": 52000
  }
},
{
  "model": "users.user",
  "pk": 34,
  "fields": {
    "first_name": "영자",
    "last_name": "백",
    "age": 27,
    "country": "전라북도",
    "phone": "02-3971-7686",
    "balance": 630000
  }
},
{
  "model": "users.user",
  "pk": 35,
  "fields": {
    "first_name": "영길",
    "last_name": "이",
    "age": 37,
    "country": "제주특별자치도",
    "phone": "016-7770-9292",
    "balance": 440000
  }
},
{
  "model": "users.user",
  "pk": 36,
  "fields": {
    "first_name": "성훈",
    "last_name": "양",
    "age": 16,
    "country": "충청남도",
    "phone": "011-2725-8590",
    "balance": 6200
  }
},
{
  "model": "users.user",
  "pk": 37,
  "fields": {
    "first_name": "예은",
    "last_name": "이",
    "age": 25,
    "country": "전라남도",
    "phone": "016-8369-3803",
    "balance": 4900
  }
},
{
  "model": "users.user",
  "pk": 38,
  "fields": {
    "first_name": "준호",
    "last_name": "심",
    "age": 28,
    "country": "충청북도",
    "phone": "016-6703-7656",
    "balance": 340
  }
},
{
  "model": "users.user",
  "pk": 39,
  "fields": {
    "first_name": "영미",
    "last_name": "곽",
    "age": 25,
    "country": "충청남도",
    "phone": "016-8234-1908",
    "balance": 450000
  }
},
{
  "model": "users.user",
  "pk": 40,
  "fields": {
    "first_name": "유진",
    "last_name": "문",
    "age": 16,
    "country": "전라남도",
    "phone": "02-6768-7430",
    "balance": 6400
  }
},
{
  "model": "users.user",
  "pk": 41,
  "fields": {
    "first_name": "정호",
    "last_name": "백",
    "age": 17,
    "country": "경상북도",
    "phone": "02-7881-7256",
    "balance": 570
  }
},
{
  "model": "users.user",
  "pk": 42,
  "fields": {
    "first_name": "선영",
    "last_name": "이",
    "age": 37,
    "country": "충청북도",
    "phone": "011-8272-1305",
    "balance": 570000
  }
},
{
  "model": "users.user",
  "pk": 43,
  "fields": {
    "first_name": "정남",
    "last_name": "윤",
    "age": 27,
    "country": "경상북도",
    "phone": "010-9554-7310",
    "balance": 270000
  }
},
{
  "model": "users.user",
  "pk": 44,
  "fields": {
    "first_name": "예은",
    "last_name": "남",
    "age": 17,
    "country": "충청북도",
    "phone": "011-2465-6519",
    "balance": 8200
  }
},
{
  "model": "users.user",
  "pk": 45,
  "fields": {
    "first_name": "중수",
    "last_name": "이",
    "age": 38,
    "country": "충청북도",
    "phone": "02-3867-9108",
    "balance": 780000
  }
},
{
  "model": "users.user",
  "pk": 46,
  "fields": {
    "first_name": "명자",
    "last_name": "김",
    "age": 23,
    "country": "전라남도",
    "phone": "011-3545-5608",
    "balance": 330
  }
},
{
  "model": "users.user",
  "pk": 47,
  "fields": {
    "first_name": "미영",
    "last_name": "김",
    "age": 37,
    "country": "경상남도",
    "phone": "02-3446-1832",
    "balance": 920
  }
},
{
  "model": "users.user",
  "pk": 48,
  "fields": {
    "first_name": "보람",
    "last_name": "이",
    "age": 28,
    "country": "강원도",
    "phone": "02-2055-4138",
    "balance": 210
  }
},
{
  "model": "users.user",
  "pk": 49,
  "fields": {
    "first_name": "영길",
    "last_name": "박",
    "age": 28,
    "country": "전라북도",
    "phone": "02-4179-7716",
    "balance": 600
  }
},
{
  "model": "users.user",
  "pk": 50,
  "fields": {
    "first_name": "은정",
    "last_name": "이",
    "age": 17,
    "country": "전라북도",
    "phone": "011-5824-4366",
    "balance": 970
  }
},
{
  "model": "users.user",
  "pk": 51,
  "fields": {
    "first_name": "영순",
    "last_name": "지",
    "age": 25,
    "country": "충청북도",
    "phone": "02-6625-4561",
    "balance": 5100
  }
},
{
  "model": "users.user",
  "pk": 52,
  "fields": {
    "first_name": "준영",
    "last_name": "윤",
    "age": 35,
    "country": "강원도",
    "phone": "011-4625-3694",
    "balance": 95000
  }
},
{
  "model": "users.user",
  "pk": 53,
  "fields": {
    "first_name": "상훈",
    "last_name": "홍",
    "age": 40,
    "country": "전라북도",
    "phone": "016-7698-6684",
    "balance": 550
  }
},
{
  "model": "users.user",
  "pk": 54,
  "fields": {
    "first_name": "영호",
    "last_name": "하",
    "age": 16,
    "country": "강원도",
    "phone": "011-8615-2227",
    "balance": 6100
  }
},
{
  "model": "users.user",
  "pk": 55,
  "fields": {
    "first_name": "미경",
    "last_name": "이",
    "age": 39,
    "country": "경기도",
    "phone": "02-6697-3997",
    "balance": 890000
  }
},
{
  "model": "users.user",
  "pk": 56,
  "fields": {
    "first_name": "지민",
    "last_name": "송",
    "age": 26,
    "country": "충청북도",
    "phone": "010-5065-2165",
    "balance": 460
  }
},
{
  "model": "users.user",
  "pk": 57,
  "fields": {
    "first_name": "보람",
    "last_name": "안",
    "age": 30,
    "country": "제주특별자치도",
    "phone": "010-6132-4229",
    "balance": 68000
  }
},
{
  "model": "users.user",
  "pk": 58,
  "fields": {
    "first_name": "영일",
    "last_name": "배",
    "age": 39,
    "country": "전라남도",
    "phone": "010-3486-8085",
    "balance": 280000
  }
},
{
  "model": "users.user",
  "pk": 59,
  "fields": {
    "first_name": "지후",
    "last_name": "엄",
    "age": 15,
    "country": "경상북도",
    "phone": "02-6714-5416",
    "balance": 16000
  }
},
{
  "model": "users.user",
  "pk": 60,
  "fields": {
    "first_name": "은영",
    "last_name": "김",
    "age": 30,
    "country": "경상북도",
    "phone": "02-5110-2334",
    "balance": 350
  }
},
{
  "model": "users.user",
  "pk": 61,
  "fields": {
    "first_name": "우진",
    "last_name": "고",
    "age": 15,
    "country": "경상북도",
    "phone": "011-3124-1126",
    "balance": 300
  }
},
{
  "model": "users.user",
  "pk": 62,
  "fields": {
    "first_name": "우진",
    "last_name": "김",
    "age": 31,
    "country": "충청북도",
    "phone": "016-3755-6794",
    "balance": 8100
  }
},
{
  "model": "users.user",
  "pk": 63,
  "fields": {
    "first_name": "도현",
    "last_name": "장",
    "age": 36,
    "country": "강원도",
    "phone": "02-6003-4829",
    "balance": 90000
  }
},
{
  "model": "users.user",
  "pk": 64,
  "fields": {
    "first_name": "경희",
    "last_name": "박",
    "age": 38,
    "country": "충청북도",
    "phone": "02-7842-6750",
    "balance": 1900
  }
},
{
  "model": "users.user",
  "pk": 65,
  "fields": {
    "first_name": "민서",
    "last_name": "송",
    "age": 40,
    "country": "경기도",
    "phone": "011-9812-5681",
    "balance": 51000
  }
},
{
  "model": "users.user",
  "pk": 66,
  "fields": {
    "first_name": "영식",
    "last_name": "이",
    "age": 25,
    "country": "전라북도",
    "phone": "02-7917-7796",
    "balance": 880
  }
},
{
  "model": "users.user",
  "pk": 67,
  "fields": {
    "first_name": "보람",
    "last_name": "허",
    "age": 28,
    "country": "충청북도",
    "phone": "016-4392-9432",
    "balance": 82000
  }
},
{
  "model": "users.user",
  "pk": 68,
  "fields": {
    "first_name": "광수",
    "last_name": "최",
    "age": 28,
    "country": "경상북도",
    "phone": "010-8591-9541",
    "balance": 9400
  }
},
{
  "model": "users.user",
  "pk": 69,
  "fields": {
    "first_name": "건우",
    "last_name": "배",
    "age": 33,
    "country": "경상북도",
    "phone": "011-1952-5289",
    "balance": 300000
  }
},
{
  "model": "users.user",
  "pk": 70,
  "fields": {
    "first_name": "순옥",
    "last_name": "김",
    "age": 24,
    "country": "제주특별자치도",
    "phone": "016-4846-2896",
    "balance": 1000000
  }
},
{
  "model": "users.user",
  "pk": 71,
  "fields": {
    "first_name": "우진",
    "last_name": "황",
    "age": 34,
    "country": "경상북도",
    "phone": "011-9734-6132",
    "balance": 760
  }
},
{
  "model": "users.user",
  "pk": 72,
  "fields": {
    "first_name": "도윤",
    "last_name": "노",
    "age": 28,
    "country": "전라남도",
    "phone": "011-1162-6129",
    "balance": 280000
  }
},
{
  "model": "users.user",
  "pk": 73,
  "fields": {
    "first_name": "동현",
    "last_name": "이",
    "age": 19,
    "country": "강원도",
    "phone": "010-9849-2402",
    "balance": 790000
  }
},
{
  "model": "users.user",
  "pk": 74,
  "fields": {
    "first_name": "승민",
    "last_name": "배",
    "age": 39,
    "country": "강원도",
    "phone": "010-4833-9657",
    "balance": 840
  }
},
{
  "model": "users.user",
  "pk": 75,
  "fields": {
    "first_name": "성수",
    "last_name": "최",
    "age": 19,
    "country": "경기도",
    "phone": "016-7872-6841",
    "balance": 370
  }
},
{
  "model": "users.user",
  "pk": 76,
  "fields": {
    "first_name": "성현",
    "last_name": "윤",
    "age": 20,
    "country": "전라북도",
    "phone": "02-3771-8197",
    "balance": 65000
  }
},
{
  "model": "users.user",
  "pk": 77,
  "fields": {
    "first_name": "예은",
    "last_name": "문",
    "age": 38,
    "country": "강원도",
    "phone": "02-2076-3186",
    "balance": 880
  }
},
{
  "model": "users.user",
  "pk": 78,
  "fields": {
    "first_name": "진우",
    "last_name": "김",
    "age": 37,
    "country": "경상북도",
    "phone": "02-7295-4461",
    "balance": 860
  }
},
{
  "model": "users.user",
  "pk": 79,
  "fields": {
    "first_name": "지원",
    "last_name": "임",
    "age": 24,
    "country": "경기도",
    "phone": "010-1652-1668",
    "balance": 2900
  }
},
{
  "model": "users.user",
  "pk": 80,
  "fields": {
    "first_name": "예지",
    "last_name": "황",
    "age": 18,
    "country": "전라남도",
    "phone": "010-7374-4933",
    "balance": 9400
  }
},
{
  "model": "users.user",
  "pk": 81,
  "fields": {
    "first_name": "명숙",
    "last_name": "진",
    "age": 26,
    "country": "강원도",
    "phone": "010-6226-1846",
    "balance": 690000
  }
},
{
  "model": "users.user",
  "pk": 82,
  "fields": {
    "first_name": "현지",
    "last_name": "김",
    "age": 39,
    "country": "충청북도",
    "phone": "02-8468-8321",
    "balance": 680000
  }
},
{
  "model": "users.user",
  "pk": 83,
  "fields": {
    "first_name": "도윤",
    "last_name": "이",
    "age": 22,
    "country": "경상북도",
    "phone": "010-4818-9921",
    "balance": 96000
  }
},
{
  "model": "users.user",
  "pk": 84,
  "fields": {
    "first_name": "지훈",
    "last_name": "이",
    "age": 18,
    "country": "강원도",
    "phone": "010-6399-4047",
    "balance": 300000
  }
},
{
  "model": "users.user",
  "pk": 85,
  "fields": {
    "first_name": "영호",
    "last_name": "김",
    "age": 33,
    "country": "강원도",
    "phone": "010-7554-1154",
    "balance": 63000
  }
},
{
  "model": "users.user",
  "pk": 86,
  "fields": {
    "first_name": "종수",
    "last_name": "김",
    "age": 38,
    "country": "전라남도",
    "phone": "016-6487-9185",
    "balance": 73000
  }
},
{
  "model": "users.user",
  "pk": 87,
  "fields": {
    "first_name": "미숙",
    "last_name": "김",
    "age": 19,
    "country": "전라북도",
    "phone": "011-4100-7281",
    "balance": 89000
  }
},
{
  "model": "users.user",
  "pk": 88,
  "fields": {
    "first_name": "현정",
    "last_name": "이",
    "age": 26,
    "country": "강원도",
    "phone": "02-9090-4351",
    "balance": 160000
  }
},
{
  "model": "users.user",
  "pk": 89,
  "fields": {
    "first_name": "성현",
    "last_name": "신",
    "age": 26,
    "country": "강원도",
    "phone": "011-3292-2801",
    "balance": 600
  }
},
{
  "model": "users.user",
  "pk": 90,
  "fields": {
    "first_name": "옥자",
    "last_name": "서",
    "age": 23,
    "country": "경기도",
    "phone": "010-6487-5091",
    "balance": 430000
  }
},
{
  "model": "users.user",
  "pk": 91,
  "fields": {
    "first_name": "민재",
    "last_name": "김",
    "age": 39,
    "country": "경상남도",
    "phone": "011-5298-5280",
    "balance": 6600
  }
},
{
  "model": "users.user",
  "pk": 92,
  "fields": {
    "first_name": "미경",
    "last_name": "박",
    "age": 35,
    "country": "경상북도",
    "phone": "010-5203-5705",
    "balance": 300
  }
},
{
  "model": "users.user",
  "pk": 93,
  "fields": {
    "first_name": "하은",
    "last_name": "손",
    "age": 18,
    "country": "전라남도",
    "phone": "02-9618-1232",
    "balance": 4800
  }
},
{
  "model": "users.user",
  "pk": 94,
  "fields": {
    "first_name": "순옥",
    "last_name": "오",
    "age": 28,
    "country": "경기도",
    "phone": "016-9248-5012",
    "balance": 420
  }
},
{
  "model": "users.user",
  "pk": 95,
  "fields": {
    "first_name": "민재",
    "last_name": "박",
    "age": 26,
    "country": "제주특별자치도",
    "phone": "011-1808-7167",
    "balance": 720000
  }
},
{
  "model": "users.user",
  "pk": 96,
  "fields": {
    "first_name": "영미",
    "last_name": "장",
    "age": 39,
    "country": "제주특별자치도",
    "phone": "016-5533-2063",
    "balance": 5100
  }
},
{
  "model": "users.user",
  "pk": 97,
  "fields": {
    "first_name": "경자",
    "last_name": "김",
    "age": 38,
    "country": "충청남도",
    "phone": "016-7677-2212",
    "balance": 81000
  }
},
{
  "model": "users.user",
  "pk": 98,
  "fields": {
    "first_name": "은경",
    "last_name": "서",
    "age": 19,
    "country": "제주특별자치도",
    "phone": "011-7368-2620",
    "balance": 210000
  }
},
{
  "model": "users.user",
  "pk": 99,
  "fields": {
    "first_name": "우진",
    "last_name": "성",
    "age": 32,
    "country": "전라북도",
    "phone": "010-7636-4368",
    "balance": 150
  }
},
{
  "model": "users.user",
  "pk": 100,
  "fields": {
    "first_name": "재현",
    "last_name": "김",
    "age": 25,
    "country": "경상북도",
    "phone": "016-1252-2316",
    "balance": 210
  }
}
]
